id,ti,t
6b990a6b-7543-4fe4-b7b8-2c8f6d183373,643,33
da3bbb0d-1c55-470c-80dc-658e8dbb03fd,859,76
52fc4f88-4ad0-4c6f-9b35-7749b70476c1,881,23
e7b6c29b-9f2f-4967-a35b-9583d2df69bd,39,16
24194e18-018e-4bc1-9620-ce896c76a68f,416,91
01f67f0a-68c0-416c-ac3a-aceaae7be446,667,85
f4697c7c-9267-4df4-b796-910ef09ab297,784,58
a1427ce5-4e72-4d84-affa-e929260586f7,261,24
555b61e6-4f25-43c1-a9bf-1553f4e40ed4,317,66
42f70ea0-ebcb-4ed3-8cf1-35f6ba948f5f,861,86
5c5954d3-6078-4776-800d-aa8733f4e4a7,204,98
4621a8a9-ad83-4c60-93c7-2f24a207e125,400,92
1f575ca9-fe8a-4a63-950d-e8a97a8a8dc9,723,32
294251b3-661d-4443-a173-63ce85fdc9f1,417,72
571494b9-2ecc-476f-99da-71be87f63ae0,330,2
9dc926c7-833a-45a1-a146-438ac1a7b092,540,15
e99489ff-59d6-4964-a1dc-d10775cc4407,519,82
55549b5e-cd25-4327-9091-1a1af604a9fa,92,83
0ec835c3-7350-48ca-aa33-8bd2427f3e43,454,11
8e035d5d-514d-40a8-a86a-3bfc97b5de0d,74,74
7b53c338-6532-45ad-b544-c75e4b51ef99,513,80
800d5d85-8403-4466-bb6a-8557cb153e1a,648,28
62e47628-541a-4933-8c5b-f72df7134c02,283,25
92409422-fc67-4d04-870a-16977d6854d8,523,3
3a9091c9-2479-4564-b2cf-972d1ebfc329,251,17
b044e4ca-b807-4c10-8800-d31b534368c6,164,39
2b72755c-1e3b-45ea-900a-432da7c2e5ad,479,31
046c2028-6873-409b-b9a1-1f789e3fbb28,763,51
bf8d5f9d-a2c2-47f9-9560-6d31ee53d46d,666,34
40bbe0f6-fd7e-4a5d-8d56-786c6ebe2ad2,739,10
f29a1fc0-cd94-477e-ac8f-162f12d2ff81,685,37
61b5193f-3d16-4f14-853e-42b7d6d30064,450,100
d237bdc6-55d6-4dd5-af2c-f954c777d76a,421,41
3107db63-0622-44e1-b936-f327a7dee1db,883,77
26457014-5e27-4b85-86c3-20b6c29c0f63,451,93
93bc2744-35c6-48bb-b866-a76397a3dc43,417,69
40e4a807-dc28-4f92-ad53-82469cf9a693,820,60
6047e358-ef0f-459b-9649-a39cff966f71,754,22
5d2fee84-86db-45b1-bb82-9b3a7a5dc2a7,503,89
d64ec1c7-919f-48ed-82b2-30971b762369,926,28
121ecc85-e256-4d30-87fb-365d699c112d,567,8
9a5d7657-0cab-41ea-a765-7b46e640d0f6,31,8
3e91d884-1089-4793-91d0-5db466194a40,740,72
aed7dde3-16b1-456b-8f58-e501a9e5a188,489,51
35df61d1-757f-4e1b-b904-fcdaaadc92b9,872,50
81ff6d93-67c6-4d9d-a504-92985b3ba50b,962,21
17e9b5fe-23f3-4ca1-aa50-36eb7a07bb1a,762,20
5180cdbd-fcdc-43b4-ba78-bdc517f8f4cc,915,30
cf696e31-e028-4866-a915-1d82d388bed9,742,36
94618438-1325-4794-9174-564b047c95b7,889,53
9a8a227d-3c89-49e3-964b-1653ad5bcedb,962,16
ff6a450f-466b-484e-94b7-e8ebe6cf39ed,760,45
824e0844-de32-4b93-a000-a0ee7b3e7aa0,524,29
9a5ad6ba-0f7a-4f3b-b62b-e51c461e43b5,185,100
ee9b88ee-e154-4b07-bb11-0ed44c1a729c,428,73
52bbb697-0a67-4a4f-b770-53a35c07fba7,326,20
b9aa9eae-6f89-44ab-8778-b7cc6010b759,102,15
25f457ec-35dd-4fd8-87e3-5f29dad72978,565,85
a0f86eac-7d84-475a-9bc8-6797f4880cd3,612,87
3cbff988-7f7e-40ac-85d1-6e5fdd7b7d8f,240,32
15592518-b182-4e71-abc0-fd3914150ac4,562,91
c5ffac92-945a-4ec9-b755-7c171a480945,813,94
e650dcf7-80e5-4069-96a5-a02e357f92f9,415,39
808e70b7-d28a-4a00-920a-120b89b10ab6,175,2
ee3067fa-a13a-4980-a906-e2ac86909d5b,496,43
064b58e2-c1fa-4888-a0d6-c955e1c51b73,142,77
869091f8-7baf-473d-ab21-e0acc7aa30ce,226,42
c1b0d2cb-ed26-4fb8-9fe4-50cf49c4f6c4,222,78
fc660552-dc84-4384-9b34-0dcc64be9338,481,32
4dc11a33-3aaf-42c3-9cf0-b7603a6a6563,442,34
1a31c281-c57f-459e-916b-2f2c38686acd,272,83
14b19b85-852c-4e2d-9201-0497daf62bc8,449,73
4b6fbbca-3dec-428c-80c5-4b662c1bc01e,770,45
839812c5-e476-4b7f-b8bf-b77694fd309a,806,41
08139556-d533-4869-9a5b-e7fb1156b48d,11,88
82f8c422-83bc-433c-b2bb-a61787b55bcb,622,36
3aad733e-4362-49e4-b39c-bf4a63d44a39,840,8
eb3c2c4f-2146-491d-a995-a91333b7e4c4,664,56
2c09ec7a-992b-4c22-97b8-ac641939f30e,301,65
28b5eb6b-bd61-4a53-93e1-9252503d377d,744,53
b5fe6241-fde3-4b04-8676-2614749face8,760,83
5aafdeb4-3e4e-43d2-bb7c-217a4ddc968e,940,66
1e13af4a-d855-41da-b560-14682215377c,490,44
7015ae08-5bd8-43f3-97a2-fcc7622d3c5d,189,83
1c1bfcd8-c81b-48d2-90f3-416aa393def0,344,42
b8da8e3d-5da9-461c-9889-65c5eb9607ad,59,67
45d1e70d-3b91-41cf-9ec6-bd97e83ee7e4,357,100
8a4fabcc-2d0a-4b45-9664-4b91932cc028,743,23
3956e6eb-adb9-46ce-83d5-30ae55de3883,757,59
754f3748-0fc8-4251-99fa-41e2d72cd2a8,785,12
31519c95-21db-4c96-8a78-c30135772183,19,80
007ccbe8-17e6-4681-989a-56e987a98606,962,77
20320d79-d02e-4c93-919a-be5729efef15,282,11
b303ad3b-a524-4db4-b28a-99e6584528e6,74,33
def55a65-b236-49e8-a14b-da8b8efd00c8,717,35
3843ad25-216e-4c54-bfe6-73209b25723a,8,88
3d4dc39b-4620-4f48-bb22-baf66d5d14ec,174,90
bb25d167-28c8-440a-a76e-546deacbe194,87,48
45dcef7f-448b-4138-8029-17997d7ffcef,244,29
cdf7b5ff-62c3-497e-b0ae-12c8aa992f47,518,14
b8434587-37bc-4299-be71-7b9bb04f09ae,895,68
02ea2f30-648d-4d5b-8235-ed863c13dd45,641,20
e4e52145-8aca-410a-9916-8091fc559072,883,88
b5593763-b8f3-4df9-9291-12bebebd0ff4,706,40
e22acde1-09ea-4137-acfe-8c4d69992487,786,54
08ee9fb7-8aaa-4cf0-88f6-e742712d88cf,710,77
8c21acbe-7115-4dcf-a057-73816eae8f07,534,20
a817ec2a-c4f8-49dd-8025-5833333fa761,935,85
973ec81b-e2f9-4fa2-91a7-f15b2022d006,576,22
b883789b-6134-4895-95ee-67498636b55e,761,79
453d5718-ded4-4366-97a0-53311ac4f494,305,64
f4d53e76-dec4-42ed-8417-0a2a55e9380c,323,26
e563d2e9-9847-4e73-a820-59999a650fb1,380,13
5bba654a-0360-4329-9767-82d423fec8f9,741,19
59a24d9d-6a73-4f48-9b70-1e8018191c4f,402,96
68a094f7-be75-4f0d-9555-7da34237ebe7,122,100
eac86005-4044-4984-af9a-665cd71def08,739,9
e5f7e0c2-5700-4116-a7a9-aed2780d4190,783,94
264b9e9d-b9a1-48d5-b12a-93253f20960b,267,6
7b7f2421-8431-46f6-a207-2e811df20af4,713,48
0de0fd62-9541-464a-b90a-52b06355916d,21,50
570c22a3-6b03-4bb3-9e21-cea51f15adda,587,96
acc3538e-132e-486a-a69e-c76723b0efa4,654,56
c61fd105-6ce3-4216-ab06-706c9b6615a9,244,51
a674f626-68dd-4dc0-8a50-db6253481f26,955,8
c7686553-df70-4793-a79b-c10e7307facd,80,19
029738f9-633a-4dee-bc7d-0cd1c15fbdff,703,38
050abeef-cadc-4891-8f25-a7acf2831c36,19,59
3647f588-86c0-403f-83e9-8676166b5d2c,232,61
a555289a-4051-4810-8bd5-6f49e09fd96a,202,66
8a6a93da-6317-4d6a-8262-a2cf72ecf6f9,760,10
221c2fed-5fdf-4444-a8d9-b47fb584cda7,373,79
d24239b0-994c-4f6f-973d-83e4714fb52f,816,75
26207d33-a079-4de7-9d14-29ed817c6425,755,74
163daa92-13b5-486b-aafc-64b383e69474,50,100
f4707703-b837-4cd0-9b3b-e93dd79927e5,543,80
d7eeb6a2-d159-45a0-85ce-6299727f63ff,475,55
091a3e48-40c1-4394-a80b-d2c8cd074401,674,23
0635501d-ced0-49c4-a0ec-b3b954da4937,334,55
2895292e-6438-42c9-9c2b-009ee3948687,395,49
160abae3-2b27-4c80-b77b-f6dd167f70d1,192,35
398569d7-b680-4117-a6a6-9110d11d0fa3,519,4
896b28ba-b809-4e68-b172-5cb862d21aab,41,5
ded1f9e0-dccc-4bf9-b24c-979ea313dbe7,731,95
71409027-2bcc-408a-b0b6-102583633234,148,37
de11c2fe-551a-4196-822e-1e42d4f6594f,995,20
fdd71a1a-55ad-485a-b264-88e74a7467ad,373,89
2106dec3-ecdc-4f4d-bb19-fb1dca60d2b4,815,55
35eb4a5d-9191-4a61-97b7-9e7fbd6f0004,258,80
7a2c27c8-de0c-4e0f-b784-b04baef71ad9,319,46
2789bad2-a010-452c-8a99-9ec1a6460dd4,212,90
974378b2-3981-437b-b49a-dd5cf4b67365,684,14
c2153b94-af74-4b4b-8a29-613cbb6c2d58,763,86
b2f1be69-f845-4295-853a-8a326bc8b039,386,69
213bc69e-727d-48a3-8919-1fa649595919,999,54
b60d6326-eb74-45dd-a307-31f66328cf61,906,65
09cb5d4a-cf21-428e-881c-b0a86e01e0eb,810,13
e0e2bab7-8a99-4f7e-b1ea-ca7f8979702a,832,61
19e6fbfb-31e4-4dcf-a09a-d8f3756f5850,471,48
b026f26d-18e0-4079-b208-f317e2144941,823,21
cd2cad74-0719-408d-9594-433884dce9b9,291,54
28a34aaa-2333-4ed9-850e-761e4530e347,684,72
439ecfff-66f5-4651-ac94-26fd285c74cc,54,19
7ee52451-b32b-41fb-a86a-5cda94efb35b,494,15
59996969-3e29-4188-ad44-9bfef97d2a22,452,6
9b6f8dd2-bae7-4609-9169-ddc3808ca017,267,63
52b9243a-709e-45f1-9e57-70dc78d435bb,567,78
5d45b49b-fb0a-4b07-b817-3dc926679473,51,1
5ee80aff-7e0b-496f-8127-a17d73b4abff,262,2
8be4a329-1372-4bbf-8ecf-4ae87c776d8a,365,39
bdb2f72f-0fb1-4eac-a6b6-c93ddc2fba87,47,56
0571c5be-1120-4292-9f08-fac600371bfb,806,74
d23f2d05-7174-456c-afad-afc5248cf957,236,82
186219eb-274f-4686-87f5-83b24c6f60f0,390,24
69d1911c-1b41-4951-b2cc-6b68187a61b8,814,26
8de3ddc9-2a1f-43ce-a013-d8c416ae61b1,771,17
454c4842-a246-4322-9766-f689b2fe44dc,425,39
35140ecb-ae89-4a40-8e2d-9821d76d763a,377,32
94c06ed0-0d04-45bd-a904-903166efb6a7,258,14
53a39926-41c3-48a3-a70f-af977b76bbc4,801,3
0ea6320f-e2e4-488f-97ab-9435aafacfb4,342,55
ce6998db-681b-4de6-8c36-3341f85e14c6,151,87
6180b257-974d-4208-9912-793123c2c351,380,69
0529be15-3d3a-4a62-8c9f-93befa7c7958,460,43
4d20f6a4-1094-4627-835f-75b973fcf4c3,864,67
5b90ab1d-2cac-4cd4-88ca-a42e93aab36a,392,24
e238246a-57be-4a19-9492-22744ba6dd63,677,32
8c1b854d-97d2-4e8a-8968-f3e25cd794cc,524,29
665aea2b-f3cb-4900-a7ad-2d396ddc5483,262,88
fea052b5-8ca4-4e64-aa30-f958685ea303,7,96
740b30f8-8a2f-4ea0-8567-6d07b932ae25,473,11
6820cf5b-0ad6-4ce0-9601-3d08ec504f6c,909,9
8a02317a-c249-4ec8-883f-66bae2fc45e0,590,87
9f675a9a-f15f-4d98-95aa-2fcd4d6c5dd5,563,67
edc3f356-a1d3-4d2a-b21a-76b5e9633845,79,77
07225148-f8d2-4542-a1a4-d21d46b623cc,686,19
2999cb0f-16de-4e1b-9451-a0f4764009e0,765,93
8ce1bfa4-62dd-4e67-9c55-bbbe962b6a0f,612,47
e67d0a7b-fddb-455d-90f7-ec1a81736ade,165,57
4fcce3d5-2a54-474a-8c11-1979ae1cf212,156,32
9bee39dd-1286-49dd-890e-5a1da59e0722,880,89
17efe07f-751f-482d-b031-71cbab2191d1,514,13
37df5f3c-57a4-4a41-8382-2191a013409e,171,34
f780e92a-a760-4358-9f96-2a4be405078d,863,53
3c763f0e-e7d2-4a1a-810f-358098d63fab,675,57
d26267d7-871c-4ebd-af8c-cd9f00c17ce6,969,99
54a380a3-da6b-4f2a-b244-5dd7e92da203,907,47
3ef39121-6618-4387-a8cd-d898955d9a57,835,75
fea6aae5-4b38-4de2-815b-29ca5169cab0,289,11
e252dc4e-c051-4c07-904c-b4f1c4954053,999,59
00699984-0c39-4146-b67a-33c156f78e7d,426,2
17698fee-8ba8-47ab-8180-f27b6b518fa8,535,67
fda99382-453f-45f2-9a74-96a8812486e7,665,77
ac5ef853-90b9-4488-9efd-e6311b96629f,839,89
7f154324-ef00-4c8b-9a58-60daf287ab70,874,55
bbee73d6-ad04-4216-8b01-19a9bf012ead,177,10
e8ff25bc-5742-4d39-bc9f-d2b3771c09bc,75,51
f8bfe7a0-c739-4092-9f34-e9d0da3a70c2,367,33
f379ec8c-f67b-4c7b-a354-7244d04bf0c9,952,87
2e590f60-17b7-4cab-8029-9c17b61a9f64,290,45
50837e45-40d3-4d06-a858-2f28f222dee9,256,63
618aabee-8335-421e-985b-3b03eeea5191,823,43
64c812cd-e8c9-46b0-a266-8786c4bd277b,401,7
71680cd5-400f-4b32-b251-bd8ae9db1ae6,828,35
cd58a048-e94b-4ef2-aaa3-ef669e7d4363,463,1
7d291094-3eef-4197-9d0e-831cfc1541a1,472,50
e818db4a-f5ec-4f96-8399-8ee345c13ba7,475,52
6654e2b4-cb83-4ce4-a352-efef5a582247,694,12
81f4f68f-35ac-4fec-858f-5302d63d02ba,894,12
bbe1c35d-c214-4d1a-9ffd-3ac093efcbaf,242,83
e93c759c-fc6f-4e80-b1ae-a3a1bf818c7a,48,14
acacb876-1a61-4d05-a56e-035896c78a56,612,75
3fe4cd8e-f60b-4188-bc58-cbb9cd718d6f,253,55
e516cb50-8245-43bd-b91e-b0b5900d165a,24,51
7f2478d3-eec6-4765-951f-ba00d2db5679,785,34
39b3f8c0-0583-42e5-97d3-1efc167bb23d,916,3
b490534b-0dce-47bd-8fa3-238a945dda1c,367,36
05b115fa-85f1-4542-aa9f-96aa61049e38,75,47
9416edbf-b6dc-415e-8325-189f40123155,132,63
cd341ddc-7291-46c9-bdfa-f7f2deed874e,964,99
0385114c-1790-4e37-ab35-07270beed0ae,921,62
7fdac80e-324d-4065-8da0-178f02905611,826,99
c7fa4d3f-d33c-440d-87fb-c706a448575a,269,57
90154071-4430-4e10-83dc-81168dc28dd4,672,22
e3d24996-de25-4b19-932b-cada9f5f5e61,522,84
0dd8144e-002d-42af-9507-dac24f831664,75,13
dafe89a0-37e7-4a44-9e0e-881f3f7d2196,926,45
9a470191-3ad6-4f2d-aff8-a68178a09bb4,403,84
61da6933-a54e-4c04-89f3-50ccdf01b71c,537,97
5109b10e-26bc-41db-a4aa-17f34fe7428d,249,94
44529485-b889-476d-a10f-ab9a67bb9e9a,36,76
9a041ef9-185e-44a9-81b9-861e0057b9f3,45,56
14275d8a-3b6d-4697-8bdd-dfc204559353,949,36
ffc5be17-11dd-463a-b263-2a5e521f0064,137,24
b7951e40-ae79-4cf9-a376-783a5628abf3,848,67
13a90c65-00c6-42cc-9494-47196da3016d,890,35
68238e64-4d69-495f-b395-ed416f13e49c,266,2
05b73383-0d8e-4fa4-b9bb-5257d6464c5b,949,87
029a99c3-dffc-44c2-bd42-8be1b4780e96,382,8
afd57a28-8a3d-4f8f-b39b-445809628879,13,88
cbcf2843-e323-4de5-a6b2-cb4d8973525c,591,32
880f0f12-2983-46bb-bf49-e24e3060a3e9,15,36
0f454822-9695-4e35-9bb0-7bbe760589ef,557,100
9efccc2f-558f-46ad-83ec-b0d88230e901,973,84
4e11ff0c-a6a0-493e-aba3-800b2b50ec2d,966,6
388663e0-8bc7-4564-a752-77aac22a3e36,627,97
72d743d7-7839-46ce-b75c-b20b7b26926f,669,28
2b49c2de-8614-4b3f-adf5-3073baeeb09a,519,41
9a294b8a-5e05-4622-8f33-b1b5a3800134,698,22
569e9cb3-6c6c-4477-8cdd-3a693ada811c,699,5
436076b2-a588-4b9f-a610-3e060e9cd61a,533,42
87d69ccb-5e4f-41cf-8866-69a22861bc41,183,38
7dbd8faf-ff49-4f5d-89c0-cc235cf9f6a4,828,72
77ad7b91-b474-4631-a213-6b773737a627,504,64
3c653082-4249-408d-9f27-6339d0d5d0f9,141,50
b8b48056-b319-485d-8eb0-0b30bf364b9f,643,8
dbf94b0d-1f56-4821-a489-51d2d5ec5a4a,209,14
c41cc3c6-d362-4916-9fe7-f226b6726ad7,311,19
4f99bebb-f20b-4edd-ab6e-946e20abe3cd,542,5
f89a7b6f-aad3-4307-9a7c-e1fc3a3c9a45,681,51
8e33b9fd-faf5-49a6-87b9-b580f4082238,393,35
b63c4547-a54e-40ed-9ec5-8717e9968bc5,436,58
907156a9-872e-4f72-91f8-931e0bde5b91,894,10
544e8b4c-d186-442f-a25e-319894528af2,78,90
867dad2e-245e-41dd-b84e-fce4c418b37e,196,84
abb772c1-5663-46b2-bf24-cda797b6015a,189,98
834a584e-330f-4586-bc9e-6c6f857cfc13,231,57
77b879d4-a585-4b0d-8947-95325926e22d,654,67
6ef65a33-b871-4756-81dc-eaf9915f6a7b,431,95
50bc302f-061a-407d-899d-058c94931450,500,91
7b4c2273-40d4-4229-9e02-460877f20873,237,45
6dff9750-8b0e-4244-b19e-cc0f73c29977,282,15
235dd4b9-e003-4c6a-9a60-7ef1e41cc634,272,31
c5a826fb-232c-4227-a9c7-2e1b42cbdbbc,250,55
7178f2e9-8968-4e84-893f-cd2700ed3ddd,606,68
088cbb0f-761f-438a-93d3-d406a6a074a8,407,27
a90ba26e-a3e8-45ce-b5df-78d7d88b4876,571,8
76a5ed4b-876f-4246-a383-4bf97c1a8638,243,62
481a37f0-716e-489c-bf82-2f5a724b1b49,692,99
507f43f6-2856-497a-90ca-fc97945bdb6c,716,29
0a771368-927c-445f-9742-3e2e510dc5e3,610,61
b1896ca3-7c5f-4a16-8091-596eff3dc00f,773,60
437bbfa7-b015-4d56-903c-5c8756273b62,975,51
95bebbc0-bc40-4720-828b-8e4f4853d19a,96,68
94901917-01fa-42a2-a359-fb56a4f77261,772,5
9a4f54a5-f214-41d7-b8b2-20ab5d8e83db,38,36
973b65b0-d1b4-4cf6-b077-22f8028f39f6,642,13
6481e589-65c1-4a79-9f20-7334bd3044d8,746,85
b2f65ae1-745e-4e84-b222-a181c619e7ec,80,56
7360dcf4-7fa0-41a9-99c5-c5be6d04652a,2,92
154676d0-9978-4963-8f72-c402b1e35291,842,90
d7e2035f-8d45-4c55-b598-daa4be17234b,849,19
de544f47-8aae-43a8-8802-30908e93be7c,873,69
a80475bc-6797-49fe-ab7e-b22686af353e,567,48
db215d21-2dfd-4fb4-b8fb-da5bb3fd54f8,57,84
ce65ca46-053a-4d84-adbd-6393484a6fb8,290,79
1a479a0d-4f74-408e-a829-98564ea9f275,827,38
238b914b-67a2-48e7-914e-07adcc1b700d,885,22
a90b4db2-5aa0-459a-b807-f778e8e2ea2f,351,94
e7f5bae0-7d5b-4b25-b7ea-2614003d0f02,243,65
10fb2b52-de4b-43c0-b042-cc3eb86af2f6,325,86
a00a8845-3f23-4fe3-b801-8291e4844318,403,10
74be4146-8d15-422d-97c2-a1d8ba143574,904,77
504a22d8-d455-4f93-bb0c-7fa3fb554015,839,17
ee7c836b-61f4-424e-add6-1c89bcd7e600,284,87
b07297aa-b97f-432f-9ace-bd6dab3b8dc9,597,5
236afa92-481c-4757-af03-4ad9a976a8a5,910,78
10d539c2-04ef-45ed-9a3b-32d7d9ba47ce,402,92
6893bc36-7119-47ee-bf2d-9a98dc24884b,892,78
9d983280-92b5-437e-ab14-1f722dec8733,207,2
b3374f08-7bec-4a6a-9d3c-3527e133852b,171,56
9959daee-0896-4585-8e80-93cc1e885c0d,488,76
84d7d1fd-347d-4ce5-9479-d15376bfe3de,648,52
418eb576-5f6a-4a38-a2a7-930f16a3283d,576,7
f71220dd-25c9-48dc-b3e8-fc64bb015ac1,671,69
af422a7d-2f01-4e26-88ec-a70167294218,595,41
81873148-b65e-4c6c-ab23-3c824be4b78b,614,66
504c0721-b049-4cc7-a0b0-1bce704b0982,864,59
8d5cd9e0-09b0-4dcc-a5ab-dce7bb847f1b,576,45
760643c9-ab2a-4986-a2f6-15682e5058e6,54,38
e9a3db53-7c89-47c5-abd8-51fedb30603f,557,97
7bc02cdf-a996-4dce-8f23-30fc0460bedf,42,67
3dd2acc2-5c16-4bce-99fa-ca8643173a6c,991,95
6c937169-3bcd-47d3-80f0-28a347ba842b,266,32
b88a5730-be78-44cf-b2b5-c5e849b99c4e,701,78
e3dacd51-d29b-4ba3-9af7-54995a5f224e,605,37
6330dfc9-8c06-4da5-823b-bb32afb8588b,419,14
79e03722-cda9-4f38-a878-59fea62d222e,282,44
4a85eb81-5b3c-47df-8da4-2846b5582aac,596,92
ffce43fc-363f-4f96-8b2d-bc04c28d13c0,711,67
a7074872-2583-4b2c-9fe6-4df77389b7e8,904,29
3b0c01be-a08f-4f98-bb24-994a7d3905cd,179,86
71520cb1-1d48-4746-a952-861b74d1f5b2,829,94
4cb7d215-9473-40b6-9198-e72e27c2da10,242,9
0a20e999-673d-4337-b613-76afd987892f,430,52
d9a700f4-21ca-4254-9469-8f3f5fbac002,103,63
d86bc176-fd98-4765-adab-1a9fdb3ad988,898,26
d70116c0-f98b-4745-84a3-3e1d706902ab,533,49
a8fe2ee3-d679-4a30-9b38-c50051d43735,963,99
addafe67-7abf-453a-829c-1df610aa7ad2,813,36
c31e1a4a-adf2-4204-a7c3-afe66062efa8,308,78
b607f7ec-8d48-495c-ad41-035a15f97701,156,66
a76c253d-012b-432b-bc33-18781ffe1b6a,485,88
aed419cf-0887-4157-aa5e-5ce74963b9fb,877,78
39d8ca18-3e35-424d-9364-62e09760f671,758,12
f80a26a0-ec4e-4f99-aa0a-e564471c3d1f,348,49
b2d8c7fc-8d5e-4e3a-962d-02724d517174,959,97
e48be707-4de9-414d-9582-78cb5d001e40,811,29
dc9227fc-d3ec-47f5-b248-0af4ac8ee050,76,52
760e4a85-7c4c-4060-8944-9603c69458ca,120,58
fd9e34ac-2518-4612-891e-1b2859e16e15,984,49
68a07e1f-dca7-4534-a8c7-21d3ac9f80e7,706,51
2060462c-e4fc-41bf-a8fd-9f2136f521db,842,63
96404ad1-fdb7-49cb-a91a-fdba8332140c,483,27
cec713da-1c14-4d73-a33f-1389c7475a91,235,85
6d1d3b90-991b-492d-8536-71a4d922f698,22,10
a6071618-7bcc-465a-ad87-1a6138816bfd,666,50
afbefc14-3119-45d8-a27d-e51d9c4d08d6,45,30
ca41057a-ff92-4f4d-a41f-1e5faf7c6c22,257,7
bf74f90c-71dd-44c8-ac02-5e4dea756dca,665,46
6fa0481c-af60-48f4-9961-3b666c86b626,716,20
64e06a19-f8ef-4a7d-8117-06828b1fe795,949,93
9bdeadae-04f5-4287-be47-c05f4ba65704,518,24
8d34d2db-c871-4cd0-8777-361e095f2d0b,188,79
4385455b-60eb-4a0e-b5e6-fe53001bbea9,133,64
ba73de80-f5ac-4b72-8a06-981c5ab37759,696,8
1fc070ea-86b3-4057-a6de-31b9ae3b2c46,908,95
8918bd70-c787-4780-9ca5-45ecfdddc276,264,35
51d58e6b-e3e2-4e48-b5e9-e3836e64b22c,874,93
076cc51f-a403-4e8a-aa0a-5b31bc1f9f58,252,39
b32869e5-03f3-49c7-b43a-8f37978f523a,740,87
4e075f97-2077-485a-8b31-d92ba0c578b8,270,22
57a469f5-4f82-4687-a403-bb2e107e1bc2,299,98
beb702fc-565b-4515-a736-052d1503ba5c,453,98
71e9261e-7b02-4e38-a25c-45303bbd01da,109,64
4fc1896b-10dd-4f02-a5fd-18e0ad479bfd,738,17
e90f18e3-57e7-48bb-a323-e9ba39023694,794,83
fb5dc638-b3a7-4988-b7bc-8496557874ca,322,2
5cfc15e6-0da6-48c5-ba00-1e1e8e193f74,217,42
13ab722b-dcd6-4c0f-bf94-22977e0da9ec,380,37
e60effc9-e24e-467c-b903-33c7080d6940,468,53
2d7226b9-8ede-47cd-9c37-047079a4c96e,503,52
1ec83add-c40d-40c3-ac78-f345afdc6ac3,224,64
d8720594-7cbc-4d48-926b-ea5e33772220,714,2
3e1634af-c738-4d7d-adf3-2d61b1cdb85f,642,84
eb1b1492-24b6-4538-a654-cb31812c9eef,51,92
9e781595-86d8-4c86-b598-6641ae0ce3f4,797,83
cbe7f8b6-549b-4b7f-b951-3fea0f2dadc7,690,58
681a503e-598c-4b47-82da-be7dca7e7abe,699,23
892c171c-b9b9-4d47-8279-25af26f2f52b,635,97
daa40afb-3963-497d-9b2b-2ce4ce52112a,237,42
9ebb137b-feeb-4300-b518-cec757921997,425,17
fb06f907-3a38-4cd0-a24d-e84a8f059303,729,59
13b9ae42-1479-4f5f-997a-f47b3af91eb4,424,90
9dc81506-26e4-4126-ae87-6a3e6dcfbac9,715,30
b9d4722e-0fe9-4142-84a1-b243c4380100,342,8
49b2cb72-42d0-4f09-a58a-c18a7249703e,933,31
8ec243cb-4a39-4fbe-8431-7b70deef8a76,451,19
8e0e2665-8c8b-4faa-b26f-27a5b6ec03cf,604,16
234352db-a5d1-4d01-b041-907c74190c23,367,44
cef2755c-2c91-4aea-a2b1-124cfcef3599,61,29
08add4c3-6b74-43a9-9f2d-393ba7d5d86e,875,43
61afe0c9-4fb4-48d2-921d-d2418de1e38f,628,36
e67bd068-ba33-4f8a-a6ce-f8cec42d135e,309,86
05bf79e1-81e0-4de2-be6e-083a9bc57548,580,40
c178d247-fc71-41a8-94a9-2ec1630563d9,448,25
65445ae0-3717-4910-99e4-480e721579ca,327,56
0d5ec2b4-3855-4721-8c9a-004aec3cff30,200,13
f0b343ae-9ccf-4c4e-b382-d85653d9c2c8,168,100
674850f7-e855-477d-9684-7b5c37e08450,509,86
560e165c-aead-407f-aa68-9960dcf9015d,946,95
25e0038c-d6a5-4ec0-b7d4-f2cc14a85931,716,43
b621fa45-598f-4444-ba42-0a2d2da1d695,160,4
38662f40-6b90-47c7-87e2-d7dbfab74b38,890,10
62c55f34-2da8-4a72-9335-924f4cf53725,725,85
267db71f-b8dc-4ff8-8c85-8af7e7b865cd,615,31
e83ea8fc-398d-4c39-8014-cc5dc74f4657,462,25
24366641-88d7-488d-b22b-3225f116289f,843,33
516b8811-89ef-4e77-82b2-4cd31aadc0ad,93,58
eefd9711-7f4c-4734-be7d-f18e4b45d6cf,606,17
194549b5-1301-48bf-a2cd-a55c76c669e8,208,29
e2612482-05cc-49d8-8435-f3bcd5a22d8d,185,24
6826fbcc-47b0-4927-819a-251f02bff387,439,26
6c3f120e-3e12-43b4-859b-97ede695e533,915,36
2f5898c4-b4d2-48dc-9fa0-bd667cf27a41,511,62
d6d358b0-6fe9-4a9d-a412-432f9643978c,914,78
e6199891-9346-4d3f-8e8f-fb633d9fb952,405,12
016a0a19-93c1-4772-81bc-88bff198d330,659,67
d13e5c14-56db-4501-8cd7-e0002afcf7fb,575,9
7db8042f-6c4a-4705-b447-b1cedc85efa3,224,7
1579f185-b0dc-4cfa-8b15-f05527ca7d51,422,75
18ff0736-75fc-493a-9819-9b736a38dd15,293,42
48364b0d-fb94-425d-9a37-cc7863aa1964,27,76
70b3d6c9-f842-4204-baa2-0d83e7949fb9,872,41
6de5c704-f8de-4c60-96e5-b261594bb497,225,10
9d6a1488-07ca-4942-af77-1444e2d9f4a1,749,35
cf1db0a1-3297-4719-99bd-4670081ce7bb,668,45
691e23eb-9891-4823-b4e8-47e38b7a10ae,624,78
23b4b4ac-bae0-465a-a881-c60310942dce,954,53
7f9bab83-eed3-4e98-b58b-87f6f0a77fb7,474,78
72671c6a-d413-48b5-a413-44504884491c,492,12
e4c30650-5d33-4da2-a2ad-4da3cecac1b9,275,71
d945c760-c13e-4dd1-aa93-ad5100b73cb0,767,57
74d69b27-e670-4194-851c-7c46c052511a,821,15
3ab6378e-b238-4fb1-9cbf-e08559251e3f,121,2
7842e71b-e6ce-4d61-9677-ca63e9843975,168,72
fe89068d-e162-46cf-a3b5-7545ff69e07d,314,66
ffafb8a5-a639-4f9d-b4e5-279b94f958e9,533,65
f34343c5-e7c3-44b4-8fd7-6fdfd034bea9,351,74
37bb2284-a13a-4db3-af35-762a180f7d38,535,75
613bdf37-89cf-4c38-a3d7-432df6b76872,622,67
5188426b-e516-45c4-b884-729fddfd8ca8,839,36
69b85e96-0625-427a-8d88-a04d3b237288,161,15
b90739b1-f7ad-47f0-98e2-d6e43096eee9,547,58
d2c06e5a-f9f7-426b-9e90-523e56824084,200,99
b570764c-71be-4922-af1d-4c167e15fd2a,75,78
41cd0989-004b-4992-88c3-50d16bc71ba0,310,56
42bd357f-1dac-4cd7-aae6-69a8e14614a3,83,4
dac8dfea-54af-4b00-8c1a-b8382d40c294,531,12
ab51d481-c487-4677-900b-b31fe8485087,465,80
8fbc3f88-d352-4dd5-85be-02aa9259d475,609,26
fe692ee7-0661-4e17-a648-2b1255d1149d,648,70
b91ac7b1-ad98-4f17-8ec5-35a9bd95e8e6,83,22
e794705d-cf85-45b4-81e5-57eb168b62f2,371,76
608a1d57-0306-4a2c-9539-8d39c4a466c9,702,24
f26a7306-2904-478e-be11-c5d9d25512d9,750,16
c00df6a4-06fd-48fb-bc8e-1eb118421055,678,59
e3c7e101-c580-4e4e-9780-7944792445a3,405,86
59e89737-4359-46b1-835c-a7b3b377b6fe,537,89
c5f49854-1432-4a7b-bbb6-8a607ca9bf58,459,81
ad697a94-3260-47b5-ad20-201f89a14228,56,5
8eaae464-7857-4250-9f7a-9d7ed9587d50,735,3
0242f1dc-cdd7-45ae-9983-77c34e61d42f,598,11
07e71ae5-f992-4609-a790-42aba63ed3e0,594,58
318104a6-cd64-4484-90e9-99a4edf073d6,744,15
3cb03514-ded6-4dbc-af59-086de1353c8f,947,81
b559809d-1ed9-4494-96bb-bd90de6b9b3d,757,89
19a24f24-10bf-4beb-ab62-4c7ece970a9a,761,96
3ae27472-2200-4583-8789-d98eb5f9d1be,621,51
aa6c881a-a4e2-4302-8224-3a0ad497fcbf,706,71
7e7f3588-c6e7-432f-9516-4289e51ed67f,325,88
4142a171-fec6-4674-8d04-5bce35d1ebfc,177,20
c0e57f70-05d0-461b-91e8-5f26045b61aa,25,10
b981defe-50ff-45ba-8282-b63ebc3ff0b7,356,77
b355abc1-5e42-4dd0-b10f-dafd876d060a,601,84
5a250a9c-c3b8-426b-bc04-f685f94c6776,736,19
f5c4ea8e-13bf-4077-9236-a43bb39ab031,313,25
acf03094-aa0c-4b37-9dde-be7d24283cfd,395,56
53a94291-9b74-49c6-9c58-dd8e6e74a073,597,73
2a5a6791-0216-49e2-9708-c57451980577,878,65
88a51d3d-f001-4060-b41c-a70d921298af,152,65
2667b646-e442-4816-a0e3-c4badfb5625c,312,57
111abd2c-f108-46dc-b771-5266728c10da,785,95
6e63a5b4-701a-4786-b7bb-94b880bcebeb,16,95
6efd962b-d5a5-4485-b14c-fea99eadd52e,969,13
b3c770ab-f448-438f-a0f3-e2027af2188a,17,51
97d7d233-9615-4f0f-a23e-cc0904e2f5b0,376,58
21958782-ad12-4cd2-bf13-609fa4caf72b,3,85
c70bb9f3-70c1-4230-8b31-f110ca02e50e,118,87
3f246530-afa1-471d-b528-5249d3d70fa6,470,31
29be1b90-23ca-4aa1-8126-32216d6be1b1,188,36
9d3382fc-99c4-474d-ac49-f524e035a65f,607,74
5b16d436-1516-427d-9e17-179330d5dace,937,76
c5a6e093-711e-44e9-815c-643d3ecef33f,779,82
91d44775-5ec2-4724-b3f8-77f7ec9ccf41,218,49
2d68ee0d-375f-4521-99bd-03c6584dddde,209,76
4a4ff874-ab56-4a39-ba6d-4590faa2ae7c,344,22
6c06dff6-9549-4597-8104-8918cc649a64,661,95
c6b3448d-f31d-45f2-aaaf-0a020d5b5aaf,917,40
cbc686c6-6efc-4f97-8d12-2c9ebe7e9d67,655,45
d783201c-16ce-402b-a996-ce32e9833364,924,34
8a9593c0-3ce6-4c58-9f38-9fb9f468e6ba,545,36
9909b08b-8e2b-4b8b-a316-c86228b79bad,260,2
9440273d-4b54-442d-884e-d14e53571483,270,47
34a479fe-82cc-4d60-a628-18415596d08a,721,88
eebf4eb7-c365-460f-8a9f-aa6009159dbc,517,43
c30ee9c6-8f3f-459a-b732-448bcd0f489c,554,81
4ec532f4-acfc-443a-879b-f446111e5010,111,56
5e8480b2-8ff2-4887-a720-3c617e5473de,62,22
688e2b0b-a8aa-41ae-80a9-de3454120877,293,12
c296e894-2cf1-4821-a939-3553d3551ddc,378,66
847e89d8-3820-4ac1-8ef4-7e62d94f15b5,663,5
2bd2e672-3cb5-4bce-ba69-a200f603eff2,504,28
d33f334e-955e-4ca0-9f21-e603315dfaf3,618,34
740434fe-cc04-4927-83e3-f36f308bbae5,351,82
ec8fa40b-d369-4de2-8de3-117c76b203a7,386,13
9b8fa208-b3ab-45b7-8d8c-78d4c8943c5b,211,74
187090b3-2fac-4cf5-a919-22512f2474dd,436,98
cae1f3e5-4be8-4320-83e1-ccd9340895a0,457,83
a1d43364-0864-4184-b1c2-3308e1319460,574,25
9a3293b7-fd9d-46d8-9e57-1739c52ae283,841,94
79d3fcb2-4db5-4d8a-a44a-58700f9ea1b8,199,13
9fe5e82d-1c50-463d-8fbd-2961fb35dfff,819,80
cc4939ae-02de-44ac-87aa-11f3d6138f49,34,80
c7f32ef1-8f68-465e-8f19-4d92d72bfa2f,31,47
cf03d560-7704-4948-af67-d389925c419a,601,56
c406fa9d-4348-439f-9e8c-c5f63663152a,245,31
e397cece-3d2d-487a-b999-4a1a44e0bdf4,22,35
35db7dc9-3fba-41e4-94b9-607c364f5055,225,99
9e5a79f7-989b-4758-8b4f-5d301f569d23,319,83
57f875d5-b63c-42c7-aafd-7d4f6e8b33ca,109,21
de5ece98-f0a8-4e0f-92b0-8db5990cc738,326,27
d9531a48-d412-49d1-8635-a9f7edd9ff22,727,61
e777e2ed-de60-4153-861d-6779337305d4,999,61
dbb68952-e4c1-45f4-9cc7-18e777c8ffb1,24,24
105fbcbe-363c-4a7d-a22f-6ae755d9a840,552,69
ad7cd69f-a1d3-454e-aab7-92f045948108,466,50
3ad2e708-af99-4636-9bf4-82c2bd52c76a,170,74
68e8531a-ee3a-4ac6-a5f4-88f7fbe29609,775,67
9d7c914d-a1d1-434f-a596-c016b837559f,573,80
763e233c-97e2-4006-955c-4131e1997602,134,44
81be6124-f7f9-4537-a997-c1cb55b76458,209,98
1f8b8b8d-a32e-4fa1-8cfb-0e32b983ca25,152,55
83d01db5-b0ea-45d6-b1e7-18cb2ead9f1b,558,2
3d2e1ca9-e2d0-454c-83b1-eadb7d1b69d4,264,75
85d30a10-d4ad-4f07-b532-13119d10e8dd,205,10
b9579048-0873-4b03-9656-a0a8358f5f3c,925,68
c7a09126-84f5-4d6a-9f98-d3618b32ea18,449,2
34a1fb8b-074c-4809-96ff-31a802e62488,567,2
de8f30a2-7b78-41da-8f38-00492a5f58ce,956,66
53571516-9110-4880-b4c9-0ac4d7c51f9e,729,20
71174e0b-77de-48fb-a5d8-99dcfb6aebfb,987,49
da835366-fd3e-4d71-b8ce-f05e9049d520,570,64
e31f8853-1c25-4fb2-bb99-7b88d8970453,796,55
2d43c1da-1e78-4bbd-a5db-ffb37d9e3bc8,406,23
bb060936-ddb0-4f96-a9f1-c66bbedf22a8,376,95
ceca9c3a-5307-4b3c-82f0-855b44306648,27,35
ede28be3-427c-402e-939f-da10fcecc567,639,6
459241e4-d2e9-4b64-8011-1652a4c69d9f,609,1
826a44fc-7293-40ac-b6ed-a8ceecba914f,979,78
f0f37223-cd5c-4bb6-97de-12441d1ea9eb,957,35
f8e53fd2-ba1b-4128-be5e-7e97553911b2,851,13
421381e0-ddb9-419a-a8dd-68109a21e97d,742,8
234305dc-f718-4d9a-92f6-d644b5d09598,899,50
348e58e3-0b6c-413d-baaf-622843c730b1,243,36
59438b0f-7d65-4595-b514-c938fd8dd0a9,945,37
dcdfbcc3-0a7a-4c65-98cc-de5c6b253e87,9,44
f4bb0d2f-2f92-4799-9656-6822d4b4bf0a,355,49
f364ae4f-79ff-4665-8ef7-c91c720700cc,961,25
aba22d79-cffd-44ee-be09-f921f576e6c8,106,72
a6e5b447-87c3-43bc-89b7-df69a70da31e,577,88
429b0cbd-465b-4fef-bd9e-4791306f13e0,203,65
f261e91b-7e20-4f04-8f15-da018e47b3a3,925,97
ceae1d5f-e437-42f1-811c-79aa3444caa9,734,95
7a97121a-d27e-48ad-a6c6-4fc42d975b10,935,72
2eaee2f7-5d85-4abc-956e-2cf04a13e7e7,356,74
4dca0c99-acc4-43a0-beed-10fa0ff856b5,343,80
929f8e4a-260d-4da2-adf2-9f1358e84478,112,5
5f8bca18-0eec-4c98-9411-dc11813e9fd8,128,60
d6a8ff4c-462e-4bd2-b144-48ec17858fe0,342,88
684491ec-b315-450e-a2ea-b92385b0447c,662,95
54b7348c-ff38-4ca6-be00-9d33bc4896b9,599,53
5dbe5d61-0e66-4b3a-bf1b-8ac181a805b4,2,65
4f97238e-5dc2-497a-b162-1592b90913e4,535,12
d5efc516-e39e-4796-a773-d7329be65ecc,489,33
dfc1c53b-c4af-4538-9f85-0a09234e6437,449,69
920035d0-0795-4419-b8ef-055c553938fc,697,26
4e8edc5a-7d91-455d-a4bd-1d5cd1893985,351,37
3f42aa69-94bc-4089-8bd7-4c390089f104,571,46
27644b0f-dddc-43aa-a8ca-98b56d60bfda,865,6
b161c071-ff2f-47e7-a53d-7174c69d814b,883,76
be3bfa2a-da75-473d-a7f6-49598cc8ad5e,370,85
56b7ae58-88da-4545-a65a-e52eeea74711,783,45
1e99cee8-93ce-45aa-8e00-3bb9195cad27,910,44
25010f81-9b74-4b62-8836-cad61c5cbef3,215,11
103c7a3c-9411-4594-966b-8b5c665938da,73,30
73d19e4a-f8a8-48ab-8672-b4e9cabee231,18,36
6607d6bd-01a1-4ed6-af41-f14711e8c816,216,66
57c151f3-f73a-4a73-b7f0-308ac1d6b572,57,88
afc1656e-7911-42ce-8492-3814ec4aeb87,121,52
5c70d18e-dada-4a49-819f-af98d6c98b70,228,6
6d3ce6bb-38b4-41a4-9dd0-ceda0e041357,137,95
242d68d2-d9e9-4384-8e5d-0c38a0e36049,616,14
19ebb9a6-a4e5-4e29-a63a-2efb0689b86f,863,96
cc2f2306-7915-438c-ba57-ee124240e1f2,471,53
cf75ff6f-86cf-4651-bf9f-0a63ccd37b17,67,82
23aa3a79-6f6c-493c-979d-929af0fd8e5c,576,9
a9a96474-d9e5-4094-8601-914fe55d3e5f,925,20
39a84b4b-80a3-4dfa-ac8c-6111fb7b43f2,821,11
955c1769-82e3-4b8e-bea5-2e1fafd01ddf,338,11
9644513b-9f02-44d5-95ad-b7d83722e8d0,531,66
e2da6a12-c4c3-4cca-9468-9268b8917dd3,73,16
9f2d21b8-6e13-42e6-9337-a57c68e85851,907,43
b59bd010-5e23-4bbd-9d9f-d5e1097aee2c,209,8
b9511f8f-b5b0-4b45-92cd-cbc4145c68ae,143,88
c6d98c9f-f47b-486b-9000-7b411965b710,567,2
16512f32-128e-43aa-b611-8a7ddb4d4ca5,618,35
d66400a7-395b-47e0-9404-a4a778142689,672,59
259e1ccb-362b-4ee6-82af-96224c3276f1,736,32
047db78e-1f89-4f31-b412-daba2c1adde5,871,92
41a30e8d-6a2c-4cf3-8d19-b9320e7f2d75,52,89
778bffa6-cbda-4081-9b74-eda6759b090f,374,32
2d04b985-c444-438d-b5f3-aedd923d0c57,898,3
745e847a-2e5b-453d-92c6-6da8505aba51,743,82
00c95f20-866f-4d30-9927-d4eac7d34c0d,264,60
08a5867f-db3c-46c2-9e08-2411255a8680,878,66
e33b6b03-e95e-40a4-842a-083403483977,899,9
51e3dde3-fc02-4e53-a24d-0912f4ba7778,708,4
6bc6fd98-de09-47ed-8ea7-2f169856e21e,447,56
0d9ad9ad-b98e-42b7-9551-8f401066abc0,428,73
45439d2c-8ec2-4e1d-ba82-effdc3339bda,768,15
2c0f31f6-4df9-4a91-85f6-950b556970be,711,15
1c0db638-d904-4d9c-9dea-272868178950,796,74
6f65b726-7b91-490e-93d6-472343cc7c3c,763,45
49df2ae0-b129-4eb0-9e8f-dd078ea24a2c,657,61
ab1c6210-8b75-4abf-ba1f-425cf5e2a70c,203,92
155708ea-df2c-4d7c-be47-9f3318a5e608,980,65
146dd7e3-5323-43e0-ab18-813d4aeafd37,667,29
59388295-9246-47a7-9da4-a9276e71ae6d,341,66
90213bb1-ee1f-438d-b681-afdd8824578a,700,19
79879a0b-2060-4077-9028-95429a34d058,412,62
d149c5b6-3ea8-4a27-a627-f9cf08336dea,103,32
eea5af9e-c2ab-41f6-96cc-a29d6ecb3564,752,62
9e825ec4-7e8a-4351-b8b7-b36335c0a3c6,348,95
85ffbdb0-e142-4853-8090-ae91605cc026,329,51
c9fa8dc8-1b56-43cb-8095-dc931354d86a,360,40
a8f21e46-5b57-4adb-a6d4-4bce42942762,518,60
d26faa1b-4581-4715-8eba-1af9a8456100,553,68
ebd2dcc8-63d9-44b9-b9b6-f6170cdc92ef,835,44
77cd560a-fcf0-427b-90cb-d06c04c95506,605,61
9e439730-66ca-4a1a-814e-069aa203a5ac,847,19
69ff23e5-4052-4015-84b7-04ad57920ee8,851,2
ceb6d7a2-e9ee-4266-bc76-f672022f10e5,191,26
dc2a1288-35a5-4ff6-945d-24202e4dbad0,518,83
8c4725b9-63ed-4405-b1e0-a0837441a62e,548,93
f2cd29ef-2f80-4203-a63f-20221aa78ff6,702,87
f3841c34-9b14-4cca-9616-6f700fa44465,766,62
40dcf5d2-1b4d-42dd-b163-8668137f8e3e,945,72
75100dbd-5ee0-46ac-bbf2-37813160c2a5,69,92
cf521ba4-3363-4364-998c-e8765a4729b5,112,95
6bf2acb7-98e0-4909-9e53-2e30aec67300,440,69
f54ef418-14a5-4b07-bcdb-bc0c26ac8291,406,30
9015c163-5f3f-46ab-b458-9531a12c58ec,760,59
cfb3ff73-dead-40d5-bf3c-52767596e2f4,214,84
488c09b8-c4a6-4003-a788-1d2a6622957e,794,46
2ef9ea95-b133-497a-a2a7-05dcbdda87f8,175,38
9e8f6ba5-f361-4468-b710-72d3c5f0cb99,797,83
1317977c-8033-4768-8b59-307ccc84ed58,302,85
bdd7a827-3747-4c44-81ad-ab67d9285c4f,324,67
3554380f-0995-48b8-9cb2-fcc4a88607ce,176,97
1a1fa7ba-1fd7-4595-a376-59938f9b785f,721,58
9eaeb19b-dd8d-4070-8793-a1a836152064,936,97
96d96f9b-d120-4acf-9415-a9e0cc800556,798,26
ecbf5014-1bad-4800-a47b-9615eca5897c,29,33
c9efd7fc-e355-4e81-8fc4-41b54dddc911,102,92
5d48080f-5a4d-4ea7-ae0a-e254978a62a5,219,7
20ccfca3-a18e-42d0-913b-9e0f4541bb01,285,65
72162293-cf82-4901-961a-211234b863be,974,38
ec2732c5-2366-42de-baa7-e8d3c60fae37,462,24
9031c112-bae8-4a7b-914f-970acdf01dc3,288,66
a75ca3bc-e4fa-4bd5-ad79-1b9cb9845fad,967,86
de83f351-6941-4119-a69e-dcdc1fe98251,289,5
b382f2f2-2d75-4f76-8b9a-a70988f337d4,94,37
6dc6192b-9592-4e12-8028-671a81960df7,31,8
29a352b3-1974-4d58-8cde-aaf6d0af2fb2,207,31
c9633a75-0c7f-4af4-8742-9bf1e6e63a89,995,82
4a1272b2-9363-48b4-adb2-68e3a3aec077,952,7
5a31a63b-ac12-4f71-bf44-7a2d04fda7f7,360,13
0d85dce3-d885-4b9c-b824-c43c3213e8c1,876,35
0e7a8721-4909-4b33-a465-1aca2891a5c9,156,60
769c9781-0c8f-4575-a644-ed5a59077f94,842,19
5a48af3d-a49e-4760-990f-98347e8376c2,50,49
af4f4397-d272-4e30-8a43-b875f68a51d7,970,69
de2b0c03-c746-454c-937a-9a56d37ed97a,657,84
c5f64af9-45d4-4523-b66f-dcff3cccf32f,804,96
7525249b-8166-42a3-8ae6-d82e36bdd9ed,846,30
380d0a68-1d51-46cf-b1f8-89ed5812f625,967,23
cbcf1b6c-0ead-4b39-ac4f-eee38a5e4657,64,16
b5804856-3a65-4c8b-a628-b563fbf79bbc,110,85
544e492e-697b-44bd-9742-8ef326b93d18,602,4
2fb5282a-b11e-41a2-9d17-7cbfe52b4c3a,805,19
d263b9fb-43ac-4006-b183-631448dcdab8,281,46
7cf3563d-9c9f-4431-9696-864f2c24d559,573,59
8eb7bd7a-9fd6-46fd-8a68-153c6e082047,894,65
a0defc45-ac6f-43ad-9ca6-9948fcccbf66,738,3
1d97fd00-5d43-442d-9463-3fe8710baeb9,611,58
e1e32363-44cf-4089-a2dd-0bb94ff00618,990,23
86cadd3f-946d-4f55-af2b-0be8f22a585d,31,73
17d423d4-12a9-4473-a502-99db7dc62f01,238,74
68068651-3865-48d3-812c-72775ed35915,482,12
fcc952fd-2c88-4ff6-bc36-f285a4bca78a,343,97
dc43e3d6-9701-4332-9725-77bda6594e80,199,18
28479ea4-ef81-4934-91fa-9ef5e9ca02cd,725,76
c1196453-7c5d-48eb-bb09-0287f89bc03b,609,11
69ce79a5-8c22-4cec-a796-4ff8666c7714,616,2
ec88eca0-2b80-4d74-9099-d4af860f3ef6,253,23
9e664249-e1be-430e-a50a-3e35a3456d66,974,74
fdfbd330-a41c-4b78-95fa-6f32c202671f,86,91
23fe3a82-9f78-41c0-8d3b-7dd09e1f37d3,789,11
36933461-00d5-4b3a-ba09-96293e8256ef,355,56
21251b77-0dd7-4628-918e-50fd8b224388,929,34
33b6eb73-860b-4725-8961-9d2e5879f283,590,59
e5b5db0f-031d-4f17-aa2d-dc0fde612047,230,24
cf3e8271-db83-4ff4-acbb-ae6b353e3574,722,29
a9869697-88dd-45e7-b9b1-7d5ceebe1cbc,927,71
3ec2d7ac-364a-4829-8633-7450c6235b57,351,26
9f7d3120-9c31-4b3e-9caa-af2998407767,138,62
4f0c7034-fee0-4f7f-b580-920eafce9bb0,241,64
f5f0150c-eb40-4779-ac05-55e647b0ec17,145,43
23554729-af91-461e-b8d9-6b37055beed5,752,30
6bc40657-90df-4440-a555-769bbafaa453,928,2
dac67dc3-eb18-4fc8-a74b-d2741a4003f6,920,40
bb9d3517-6602-4ff2-8ece-61184f45e94a,734,35
c4e407b6-71be-4d4b-a530-566d78517597,639,7
796de4b3-3479-431f-9037-777d659d2241,521,29
4a73c732-0e33-4709-be35-86a400f138c4,342,10
987f3995-cec0-490d-852d-b4876390008f,68,34
82f58878-3f37-4b07-8d70-3200e0287703,977,80
5acdf824-379a-4446-875f-beb97a0b79f4,601,90
88858a4c-6d30-4003-a1c4-14fbd6896609,394,78
e89389f3-8f72-40c6-a328-7e4047ac5645,622,62
cad463f8-bc40-4352-8208-c8537ffbfee0,908,100
ba27bc97-c190-4fa5-92c7-25397f0793d1,667,4
632a7845-5725-4d54-9088-58138864ddb6,849,75
ca91f36a-f1c4-4b5c-a19c-09a3cb61465b,696,10
f9855662-ab35-4d59-9a58-3acda3cad7e6,877,24
cbe07120-915d-49f0-9667-180ddb84169c,79,51
454ddc5b-5c0a-4505-be9b-d0f56e8887ac,272,22
60f8b906-2eb2-46f8-9bbc-51499d60624b,129,45
9de3a1e4-c09b-458d-812e-a1c69b75f558,651,67
a27bb844-9417-48b1-85ba-5fba3d41bbbd,702,9
d75a92d2-2cca-4784-a33c-91672e5ba16e,460,20
224eb815-ca45-447a-9ef6-1b2bd373e4d4,440,65
f1bd8649-9aa6-4642-ba00-b72f232e8d10,770,48
2388e08f-2956-4f6e-959d-fcf2c3a30a69,810,20
8d6eff6c-167b-450b-9e68-0d574badeaca,830,96
1815284c-f607-4bd7-8a5a-0aa1905ec134,874,97
566d2bfc-fc1e-49b0-9ba6-862ef5abb836,163,92
67aea58e-3668-4623-bc52-98b74aed163b,852,12
9a85a486-eee2-4057-b4f2-d1b7a74b0133,242,85
3ec35fb5-b17c-4b1f-b50d-265b3ab5ffc7,604,27
ff62d301-8e88-492f-a19f-ad6d3440a8b2,786,8
6cbc41ea-12e7-4d4d-8928-125fbf3b4753,567,99
a8c6c95c-8246-457e-a2c5-a5d35351f33f,322,69
83bfad55-f2fa-4a81-b0c5-3e56f1826c44,979,84
ee42aeef-f5da-4b2e-b2b7-9fd00d024f2a,184,3
c71d9f49-341d-4276-ab47-60a39f4a8116,212,99
de7c750f-ac58-4794-bd27-6a7a04589bca,247,53
853b36f4-ddf7-40b9-90ba-7fb6d01bba74,87,56
c3baa004-3b6e-4746-b59a-8a9a7adb87d3,677,10
1d7367d9-ac65-4c22-be3f-3c27015fccc5,688,51
f00acd29-8b60-489e-8566-d21e930607a2,290,78
93b3da29-87f1-46b5-b2b8-4cb57cf95140,969,29
db573d5c-2f3a-4b1b-8b9f-0b9d4e09ec21,256,70
be7a6039-f5e2-400a-9603-a302110954bd,46,78
fd18e3c7-ad99-4997-bed8-286915f03215,252,38
cc55d63e-ad48-4393-8a4f-55a953aed0ea,185,93
77bb54ba-5996-4a8f-8aaa-559045021aa9,512,76
dc8c5cf3-faa9-4d27-833e-3baed2eb2767,572,35
aa86fb5c-b291-4f22-9c66-0ba9467de6d6,63,48
bfd71935-5322-465f-ae10-404dff5b1549,53,80
4e5c329e-a53d-43cc-a71f-75d02e236596,711,90
fcdf8b8b-85a2-49f2-9d0c-14d5c1da0483,524,96
c54a8b04-4a35-4358-84d5-07d99d92d6e2,756,14
a4bfd697-271b-4695-a8c3-7a184348bb51,180,30
4530d294-160d-488a-9ec2-3f6a0a59ba46,106,72
ed235f79-a175-4338-90ad-07d4dc0881a9,813,55
5a393b82-8af5-4a79-897d-ed1f006d5752,428,95
090478d7-b216-4ba0-ba67-1781cfcf7ecd,384,33
0c160e2f-6215-460b-a632-2be1f5f2d2e8,650,21
51c578ec-76be-4778-8440-9786ef4e4e03,324,70
3794e581-ae00-4a4a-ba26-da649f3a765e,630,44
0d26cbb0-46f0-4126-a092-47c958fde42f,631,88
27aeb8d4-cf49-475b-b382-7890811b08f6,806,16
39f8e315-c5db-4d2e-a437-0969d4080a39,666,74
d877e91f-9e27-4d89-9a05-ce65a8e410ee,774,54
4acebd84-aeb1-4f01-ac67-ca096d129d7e,311,30
94c21063-a81b-4dd7-8cb7-34d5510a4870,564,89
bc8dd358-48a0-4fe5-9fee-3316385fe138,246,3
1491e8b7-a6e6-4508-9775-d16cc2cd3331,109,82
e824ec70-40ea-44dc-93f2-4d5b0ec0e81c,798,88
81d2c454-cdda-4ac4-b336-3229bed93bee,445,68
8e662341-3b72-4254-bf33-6d8ffd07aeda,365,32
422b5868-9ea9-4bb4-b5bd-c718441a10aa,786,43
ae4eb56e-7850-4dc7-b3b8-8a7b2275a0f6,698,30
5a4f3a82-fc84-47cc-b6e7-9da877b34b6e,996,20
44689157-06bb-4100-9f55-94e583d468af,81,58
bb5ba9c1-6f48-441e-9a19-543e11332975,87,38
8c860a83-0990-441d-be46-b2c47f834b9c,483,39
cb4fd6d4-f545-4e59-a485-c6761a4d6930,949,66
6f05c14e-1dec-49a5-b15a-747cb2ad6b69,526,83
8c6a220c-9f2c-40c7-aa68-de0f71857428,67,28
01b33ba6-bab6-405e-a886-91477230b061,592,60
6c80b880-2b3e-473f-a167-fd4ca6db380f,262,99
435782ef-86eb-4d8e-9aad-9972d067ab6a,587,88
5c246fe7-bd70-4f56-8cf2-0ad1270488ec,861,18
848ff392-206c-4d83-8bb4-62dbf61e3ae2,100,80
beb4f5f7-8faa-40a8-aac9-8f4c1ff5e8f0,811,20
bd74f9e7-2a9a-452b-be66-612f38a4f427,881,43
da8895d5-927a-4f0a-8b73-826b42f9d5cf,821,55
5d5b30df-ff51-4781-a719-2c97df9f7ea7,873,53
0abc6c64-24ab-4133-891c-df3fd25d0a08,119,7
5c5395b5-3ed9-4265-940a-c156384b0f79,990,30
0a489c16-bebc-4501-b6f2-4d57bb8b266e,236,57
2f4f1214-79b2-4571-a6e1-8a2f98414578,711,44
62ae0f18-608d-4eec-b57c-42b13eecf773,614,43
97714f86-c16f-4377-9b18-15d5c35c9aaa,191,7
614e4439-887d-4a10-ae9d-caee9e983f78,561,34
3d44faeb-a907-4c62-9ff3-8c5c5a15947e,1,98
93ba6c34-a610-4399-8903-3a735ed0f0c3,51,56
7ff9ad62-b5fa-4055-825b-baa830814ad2,743,16
5e113f0f-5124-4f45-bc33-1047d53bf567,837,9
a13aa506-c3ff-4060-8f19-34eccbe368cd,955,79
e13a586f-4d95-4b1b-8355-957b1f816454,689,48
cdfd0a06-f7eb-441f-97c5-df45fad3768e,234,98
2be92fef-a86b-4547-8c40-5b5070582b40,631,57
5fafb030-354d-4046-a3b1-e73f0d52270d,814,80
81ea034f-2a7d-4744-9adc-dd9d8690a1fa,483,30
6cc5ac96-53bb-44dd-8a7c-f463ab186c0a,104,40
0a62dcb5-0b17-400a-8a2c-9e0fbaffe865,631,25
0ea34587-9ddb-424a-bb05-803bd38e5470,423,40
68e80a8a-842d-4ddb-b3dc-90af213b6d0c,967,30
71421bd8-b240-49bd-ac93-0bac31b30033,819,87
d067cead-07c0-408b-b8ee-01af2fb96af8,65,53
8b3c215c-797e-4938-bac4-ceaf5ce16f2f,753,76
3b5d8a1d-7c40-472b-8353-e33c3e6c410d,559,9
6b711ea8-e1c4-4860-8d75-e0b48dc1c4db,85,68
9f65eb52-a5b6-45f8-8392-088079e78d68,468,6
cc999ff7-1f89-4eb1-8981-021ae3747546,867,42
2234675b-a3ab-4c06-b179-7a03ca8ad3a0,256,9
0125875a-87c4-4d0b-a8bf-ed3e2cd676fe,575,49
7bb611a7-7d58-4b0a-b5c3-087fe038ead4,737,82
174e7903-4a3c-4672-a173-76deb6a34837,281,47
9255b901-086c-4a42-9e7d-e7b60aa8beb9,443,13
c8c2dddd-8cdf-405b-92b6-b69404aafe60,540,43
d30d5856-01b4-4705-9390-81a410dc807c,240,63
967cb585-e34c-42f3-972f-d2eb3dc9791a,252,5
71b61d3f-503f-4888-ad01-10af896b1046,28,37
fc273d1d-3c4d-4d78-a5bc-134dbd09fc7f,860,64
46eba5c7-d147-4412-a9e5-021dbcda7ccc,460,100
d4626b17-b2e3-4500-b90b-d4f47f02956d,839,11
ddc1bcf9-6ba2-47b1-9496-ff5213eb538e,857,58
3d3300bc-89c7-40f7-9062-bea2afdbc73e,633,1
17efdf4f-7cd8-4cfe-baa4-9cf99ca7e983,989,83
4bcf060c-d5a1-4884-a556-c072a0a0f089,340,46
a3354abc-63df-473a-89cc-76a1083b1459,140,19
d44b81f9-9988-4e23-a8c3-f44062152c28,735,19
641e8850-4ab6-48c8-8f0d-ca12783763a5,760,85
0cb27a40-dae5-4cb2-973d-646f4c97f084,937,1
946c2eb4-37d1-41b6-9711-e7ac93bf07a9,257,3
7c6e3bb2-3f32-4dc5-b7ec-2fe2796d2d8e,655,86
58d3ce05-7a33-48ea-9c55-c2e0b870dd90,690,67
19b4f6d7-8519-436d-a304-50ea2b708167,844,51
49ddf85f-c64b-4314-a33c-e60b8809d6a7,285,19
d094cba8-1b88-49ce-82b3-b62e3577f5ee,307,27
f6debd95-9a14-4c3c-b0d5-67f792bce7fa,684,63
b2a16ba6-b7e7-46ac-8d71-4fd7b31bde28,178,5
26d07c4f-408e-4a7e-b6fa-2206726ef556,867,33
e807951c-01fe-49de-b4a7-ecf8682715e7,917,63
a157c78a-c3a8-4b37-8c51-aade31eee21c,427,68
0238513e-d020-4dc2-8a51-8eba24c66f33,285,98
e6b7d5d1-cd43-4f8a-93fe-faf74a7251ed,713,82
9d325143-926f-4c86-8d55-0a6687d0362d,503,72
5df51102-6254-474e-930d-65a211b3330a,210,58
34c32a6b-c2e9-4aa0-80e3-67da4f4121a1,557,52
920c4c13-0168-407e-89b3-3d20f7434073,629,86
7a23d4db-af58-4adb-ae61-55b3d39fb94a,371,24
e5cd5ccc-e1ba-4e7a-a390-e4b2294a7ce0,888,16
b3a9bc3b-cf4b-4506-9bc2-bb4f4baec91c,779,6
d60d80d5-41ad-4e46-bfa0-2d515c38f35b,448,6
17114d22-abdd-4abc-8e5d-aa64e3d564e8,916,66
1ed44ba9-2eae-4da4-b8c8-0eb08acee805,465,6
6386f280-3950-4cc2-a741-24351a366b19,966,77
a2905da5-4e1a-4af3-a248-a307655c9ff6,891,45
186443e3-abc3-4284-94ed-7f5a7b164518,458,59
7bbd6ba5-84dc-4180-aae7-580427db912e,126,27
435188f9-2adb-4908-beac-7e3f198c068e,993,85
a5f886f5-c445-4303-8dc9-06ff649d1371,255,62
5309a23e-b8a7-41ed-a75f-d13caa52d765,853,76
a6f19986-6a08-44e9-8eef-e6e55b6bc1c5,361,56
d665e95a-39ef-43ca-b82e-2ecd2f2446aa,934,60
f45510a8-a410-4f96-9096-b2e915df8fa4,63,7
2bf70650-932b-47a2-8c60-e83463179a71,801,2
434b877b-bedf-4b2b-ad06-83732b8365f2,715,89
d77dd4ca-a784-49e4-bb1e-e3f7786d8736,232,57
6bc68619-3578-4a34-b9e5-1661e3a36248,112,16
42dd5e1d-fa55-4105-ad43-3f5c016b35b7,569,54
85b0cc55-6186-4547-9f54-c679dc24faac,500,89
bd7e5dd8-b5e1-467d-8ac8-1469a90ed20f,146,38
86251177-fc25-4a32-a484-16c540843775,343,100
9509ff8e-62b1-4607-a3d4-61c8b96c6e41,158,13
ee608cf2-dfc6-48c5-9785-337ab74bed49,348,14
99b9d90b-a5ca-4258-8351-bef3db781ce4,755,24
d89d9467-f7b6-458f-82f2-882b927add5f,290,21
c3158da2-1572-4394-9834-c4a6a515b9b4,763,34
33684a59-198c-445d-867c-fbb0f10d1348,155,69
6a8abf9c-bf3e-48e9-ba2a-b012608106a1,462,85
48c089fa-d3f7-480c-a576-d62733f8e89a,896,75
edbb130d-1a63-49c6-a381-6df156ad7ab7,585,1
352b41d6-1fc8-42bb-bc87-34726684fe80,612,91
5fe3b1cf-66c6-43c1-8d13-4b7972d8bad5,421,61
89dfdfbb-56fc-49a9-8fc3-74cac5979325,130,96
219a12c5-2e45-43bb-86cf-85854346feef,350,34
1225197b-553a-4030-98b4-c9d153d31818,442,67
b1eef6f2-3bcb-4c6f-8bbb-b3c389e8cec4,98,15
18074609-560b-450b-87bc-d6a9b303cae6,880,49
de86fcc9-6733-4bf6-9003-1cd1cdace413,404,70
dedc9ffa-dc0f-4f88-aca0-51e1f69a6adf,419,69
32e83126-089a-4e84-8900-ff1f7c73ddc2,595,31
6b14ae89-d907-4e27-b3ea-4493e9ac2031,91,68
a1ebe8a2-4d08-4e11-9535-2989ac3b713a,395,47
e248f279-0da2-4df5-9bb5-319aa27da6b4,929,75
1fbf34a0-16af-4200-aa83-558be746f0d2,364,64
57df2ba5-3eb5-42b6-b272-645098616118,481,34
acb3ad8b-db04-4d44-8722-4d966bbbc201,49,67
fc3e1139-d0da-40f6-acca-b2f5b132928c,64,3
38080803-0b61-4ae4-8dd3-38002c28f8f9,44,44
96b63c60-6d55-4194-b459-18e49d79fa87,328,94
8b834b6e-3a34-41e9-aa16-d3631162b62c,448,100
f57d3465-2138-4e21-96dd-f136b324d814,119,69
2fd18c8c-5c51-43e5-b8de-bdfd4e065f2a,763,92
87f2579f-6a8b-4190-a127-edb8740622ba,754,7
9f20da45-b1ec-41e0-8bab-782c264492db,745,75
ccacd769-acd1-49ff-9660-40d529a2183f,330,80
c3de28bf-e211-4ece-af88-6a4c7bcc05e9,198,56
7baa93b3-7aee-493f-993b-9324fed16474,687,43
7f56c0ab-451c-4966-b370-7baed3be6a9c,143,77
eeff7a15-8f10-4cba-a6bd-e5942badc92f,948,24
3862c632-c8fc-47a3-b306-f713a76fbf76,8,61
b4d66056-8b08-4154-9fc8-a3b02c798e86,151,12
de3c27db-1028-43d2-a92f-0846bfe1887f,897,90
530622f6-834f-4015-8a15-d29f2b9fa691,776,11
e4f3972f-2e5f-4918-8fe9-0376f41d6bdb,511,32
62095e0c-a7eb-4f38-a173-768a3ad15e42,703,73
94e110ae-679a-4fe3-8022-39b30990e480,733,90
f0dc367e-0f5c-4d98-8ebd-63fee2d03f2a,548,71
d5e621c0-39f7-43d8-8230-8bedbf0fafe3,76,62
f0433802-5c95-4979-8ddf-b4ddaf6fc7d2,511,31
c623e322-1885-4ac0-946b-58bbe0b6f7f2,617,9
874a17f1-3e5a-4050-acb6-92aa3224286e,468,38
a3b73262-2bda-4299-a996-f10202f28be0,47,34
3b78f32c-d57a-4b10-916b-e0d45da9d35f,761,7
0f3603a0-9b83-49c2-9286-37de7860696e,383,68
ceda8cd9-204b-4064-b195-7fa5e2a1dc54,875,43
124c4449-c2a5-4e18-8b3b-61daf51788fe,534,61
9e2b6fc2-c7db-441b-808c-2d76f7a76343,376,9
7a1af0c9-95b8-4464-94d7-5afb3415a470,974,30
f6daedc7-2e47-4cf9-b34a-d90bde3bf421,791,28
3314452c-af5a-4d07-b0aa-f67e75f52953,261,23
0cc0fad1-9b2f-4e2a-a74e-c141a29dff97,49,2
